<!DOCTYPE beans PUBLIC "-//SPRING//DTD BEAN 2.0//EN"
"http://www.springframework.org/dtd/spring-beans-2.0.dtd">
<beans>
	<bean id="bds" class="org.apache.tomcat.dbcp.dbcp.BasicDataSource">
		<property name="driverClassName"
			value="oracle.jdbc.OracleDriver" />
		<property name="url"
			value="jdbc:oracle:thin:@localhost:1521:xe" />
		<property name="username" value="system" />
		<property name="password" value="admin" />
		<property name="maxActive" value="15" />
		<property name="maxWait" value="10000" />
	</bean>

	<bean id="jt" class="org.springframework.jdbc.core.JdbcTemplate">
		<property name="dataSource" ref="bds" />
	</bean>

	<bean id="dao" class="com.ds.dao.StudentDaoImpl">
		<property name="template" ref="jt" />
	</bean>
	<bean id="bo" class="com.ds.bo.StudentBoImpl">
		<property name="daoInterface" ref="dao" />
	</bean>




</beans>		