<!DOCTYPE beans PUBLIC "-//SPRING//DTD BEAN 2.0//EN"
"http://www.springframework.org/dtd/spring-beans-2.0.dtd">
<beans>

	  <bean id="dmds" class="org.springframework.jdbc.datasource.DriverManagerDataSource">
    <property name="driverClassName" value="oracle.jdbc.OracleDriver"/>
	<property name="url" value="jdbc:oracle:thin:@localhost:1521:xe"/>  
	<property name="username" value="system"/>  
    <property name="password" value="admin"/> 
    </bean>
    	
    <bean id="sf" class="org.springframework.orm.hibernate3.annotation.AnnotationSessionFactoryBean">
        <property name="dataSource" ref="dmds"/>
        <property name="hibernateProperties">
            <props>
                <prop key="hibernate.dialect">org.hibernate.dialect.OracleDialect</prop>
				<prop key="hibernate.hbm2ddl.auto">update</prop>
                <prop key="hibernate.show_sql">true</prop>
                <prop key="hibernate.format_sql">true</prop>
            </props>
        </property>
       <property name="annotatedClasses">
           <list>
               <value>beans.Student</value>
           </list>
       </property> 
    </bean>
    
    
   <bean id="ht" class="org.springframework.orm.hibernate3.HibernateTemplate">
    	<property name="sessionFactory" ref="sf"/>   
   </bean>
    
    
    
    <bean id="dao" class="dao.StudentDaoImpl">
        <property name="template" ref="ht"/>
    </bean>
    
</beans>		