<!DOCTYPE beans PUBLIC "-//SPRING//DTD BEAN 2.0//EN"
"http://www.springframework.org/dtd/spring-beans-2.0.dtd">
<beans>

    <!-- HM -->
   <bean class="org.springframework.web.servlet.handler.SimpleUrlHandlerMapping">
       <property name="mappings">
           <props>
                <prop key="/hello.abc">ufc</prop>
				<prop key="/hai.abc">ufc</prop>
           </props>
           
       </property>
   </bean>    
    
    <!-- controller mapping -->
    <bean id="ufc" class="org.springframework.web.servlet.mvc.UrlFilenameViewController"/>
    
    <!-- view resolver -->
    <bean class="org.springframework.web.servlet.view.InternalResourceViewResolver">
   			<!-- set location of output page using prefix-->
   			<property name="prefix" value="/WEB-INF/views/"/>
   			<!-- set page ext of output page using suffix-->
   			<property name="suffix" value=".html"/>     
    </bean>
    
</beans>