	<!DOCTYPE beans PUBLIC "-//SPRING//DTD BEAN 2.0//EN"
			"http://www.springframework.org/dtd/spring-beans-2.0.dtd">
<beans>
   <bean id="a" class="beans.MBA"/>
   <bean id="b" class="beans.ARA"/>
   <bean id="c" class="beans.AA"/>
   <bean id="d" class="beans.TA"/> 

	<bean id="h" class="beans.Test"/>
	
	<bean id="hmp" class="beans.HelloMethodCondition"/>
	
	<bean  id="aa" class="org.springframework.aop.support.DefaultPointcutAdvisor">
	 <constructor-arg ref="hmp"/> 
	 <constructor-arg ref="a"/>  
	</bean>
	<bean  id="ba" class="org.springframework.aop.support.DefaultPointcutAdvisor">
	 <constructor-arg ref="hmp"/> 
	 <constructor-arg ref="b"/>  
	</bean>
	<bean  id="ca" class="org.springframework.aop.support.DefaultPointcutAdvisor">
	 <constructor-arg ref="hmp"/> 
	 <constructor-arg ref="c"/>  
	</bean>
	<bean  id="da" class="org.springframework.aop.support.DefaultPointcutAdvisor">
	 <constructor-arg ref="hmp"/> 
	 <constructor-arg ref="d"/>  
	</bean>
	
	
	
	
	
	
	<bean id="pfb" class="org.springframework.aop.framework.ProxyFactoryBean">
	    <property name="target" ref="h"/>   
        <property name="interceptorNames">
            <list>
                <value>aa</value>
                <value>ba</value>
                <value>ca</value>
                <value>da</value>
            </list>
        </property>
	</bean>
	 

</beans>
