	<!DOCTYPE beans PUBLIC "-//SPRING//DTD BEAN 2.0//EN"
			"http://www.springframework.org/dtd/spring-beans-2.0.dtd">
<beans>
    
    <!-- load properties into IOC context -->
    
    <bean class="org.springframework.beans.factory.config.PropertyPlaceholderConfigurer">
      <property name="locations">
          <list>
              <value>resources/DB.properties</value>
			  <value>resources/DB1.properties</value>
          </list>
      </property>  
    </bean>

	<bean id="stdao" class="beans.StudentDao">
	    <property name="driver" value="${jdbc.driver}"/>
		<property name="url" value="${jdbc.url}"/>
	    <property name="user" value="${jdbc.username}"/>
	    <property name="pwd" value="${jdbc.password}"/>
	</bean>


</beans>