	<!DOCTYPE beans PUBLIC "-//SPRING//DTD BEAN 2.0//EN"
			"http://www.springframework.org/dtd/spring-beans-2.0.dtd">
<beans>
    
    <bean id="e1" class="beans.Engine">
    <property name="modelyear" value="2015"/>    
    </bean>
    
    <bean id="e2" class="beans.Engine">
    <property name="modelyear" value="2016"/>    
    </bean>   
    
    <bean id="c" class="beans.Car">
        <property name="carnames">
            <list>
                <value>Audi</value>
                <value>Bmw</value>                
            </list>           
        </property>
        <property name="engines">
            <list>
                <ref bean="e1"/>
                <ref bean="e2"/>
            </list>           
        </property>
        
    </bean>
    
    
    
    
</beans>