	<!DOCTYPE beans PUBLIC "-//SPRING//DTD BEAN 2.0//EN"
			"http://www.springframework.org/dtd/spring-beans-2.0.dtd">
<beans>
    
   <bean class="org.springframework.beans.factory.config.MethodInvokingFactoryBean">
   		<property name="staticMethod" value="beans.CarFactory.setCarname"/>    
		<property name="arguments">
		    <list>
		        <value>beans.Honda</value>
		    </list>
		    
		</property>       
   </bean>
    
   
   
   <bean id="cf" class="beans.CarFactory" factory-method="getCar"/>
   
   
    
    
</beans>