<!DOCTYPE beans PUBLIC "-//SPRING//DTD BEAN 2.0//EN"
"http://www.springframework.org/dtd/spring-beans-2.0.dtd">
<beans>

    <!-- HM -->
   <bean class="org.springframework.web.servlet.handler.SimpleUrlHandlerMapping">
       <property name="mappings">
           <props>
               <prop key="/reg.abc">r</prop>
               
           </props>
           
       </property>
   </bean>    
    
    <!-- controller mapping -->
    <bean id="r" class="controller.RegFormBeanController">
  		  <property name="viewName" value="success"/>
    </bean>    
    
    <!-- view resolver -->
    <bean class="org.springframework.web.servlet.view.InternalResourceViewResolver">
   			<!-- set location of output page using prefix-->
   			<property name="prefix" value="/WEB-INF/views/"/>
   			<!-- set page ext of output page using suffix-->
   			<property name="suffix" value=".jsp"/>     
    </bean>
    
</beans>