	<!DOCTYPE beans PUBLIC "-//SPRING//DTD BEAN 2.0//EN"
			"http://www.springframework.org/dtd/spring-beans-2.0.dtd">
<beans>
    <bean id="b" class="com.ds.bo.Bank"/>
    <bean id="lbs" class="com.ds.service.LoggingService"/>
    <bean id="before" class="com.ds.service.LogBefore"/>
    <bean id="after" class="com.ds.service.LogAfter"/>
    <bean id="ex" class="com.ds.service.ExceptionAdvice" />
    <bean id="pfb" class="org.springframework.aop.framework.ProxyFactoryBean">
     	<property name="target" ref="b"/>   
        <property name="interceptorNames">
            <list>
               <!--  <value>lbs</value> -->
                <value>before</value>
                <value>after</value>
                <value>ex</value>
            </list>
        </property>
    </bean>
    
</beans>