<?xml version="1.0" encoding="UTF-8"?>
<beans xmlns="http://www.springframework.org/schema/beans"
 xmlns:xsi="http://www.w3.org/2001/XMLSchema-instance" xmlns:context="http://www.springframework.org/schema/context"
 xsi:schemaLocation="http://www.springframework.org/schema/beans http://www.springframework.org/schema/beans/spring-beans-3.1.xsd
  http://www.springframework.org/schema/context http://www.springframework.org/schema/context/spring-context-3.1.xsd">

 <beans profile="test1">
  <bean id="employee2" class="beans.Employee">
   <constructor-arg value="Naveen" />
   <constructor-arg value="Naveen@gmail.com" />
   <constructor-arg value="HYD" />
  </bean>
 </beans>

 <beans profile="test2">
   <bean id="employee1" class="beans.Employee">
   <constructor-arg value="swathi" />
   <constructor-arg value="swathi@gmail.com" />
   <constructor-arg value="BNG" />
  </bean>
 </beans>

</beans>