<!DOCTYPE beans PUBLIC "-//SPRING//DTD BEAN 2.0//EN"
"http://www.springframework.org/dtd/spring-beans-2.0.dtd">
<beans>
	<!-- create dataSource -->
    <!-- <bean id="cpds" class="com.mchange.v2.c3p0.ComboPooledDataSource" destroy-method="close">
      	<property name="driverClass" value="oracle.jdbc.OracleDriver"/>
      	<property name="jdbcUrl" value="jdbc:oracle:thin:@localhost:1521:xe"/>  
		<property name="user" value="system"/>  
    	<property name="password" value="manager"/> 
    	<property name="maxPoolSize" value="10"/>
    	<property name="minPoolSize" value="5"/>
    	<property name="initialPoolSize" value="2"/>
    	<property name="maxIdleTime" value="10000"/>
    </bean> -->
    
    <bean id="dmds" class="org.springframework.jdbc.datasource.DriverManagerDataSource">
    <property name="driverClassName" value="oracle.jdbc.OracleDriver"/>
	<property name="url" value="jdbc:oracle:thin:@localhost:1521:xe"/>  
	<property name="username" value="system"/>  
    <property name="password" value="manager"/> 
    </bean>
    
    
    
    <!-- Inject DataSource into DAo -->
    <bean id="dao" class="dao.StudentDaoImpl">
        <property name="ds" ref="dmds"/>
    </bean>
    
    
</beans>		